{
  "total_epochs": 33,
  "best_miou": 0.64806,
  "best_epoch": 13,
  "final_miou": 0.57922,
  "final_train_loss": 0.165,
  "final_val_loss": 0.18836,
  "class_names": [
    "Trees",
    "Lush Bushes",
    "Dry Grass",
    "Dry Bushes",
    "Ground Clutter",
    "Flowers",
    "Logs",
    "Rocks",
    "Landscape",
    "Sky"
  ],
  "epoch_metrics": [
    {
      "epoch": 1,
      "train_loss": 0.4857,
      "val_loss": 0.31451,
      "val_miou": 0.5221,
      "lr": 2e-05,
      "mdice": 0.65474,
      "pixel_acc": 0.83941,
      "per_class_iou": {
        "Trees": 0.7893961452858202,
        "Lush Bushes": 0.5544336167251267,
        "Dry Grass": 0.6376942964651162,
        "Dry Bushes": 0.291468591338524,
        "Ground Clutter": 0.24697278988878474,
        "Flowers": 0.5177399637706044,
        "Logs": 0.236252968126576,
        "Rocks": 0.32256737183096695,
        "Landscape": 0.642619306156318,
        "Sky": 0.981844361379132
      }
    },
    {
      "epoch": 2,
      "train_loss": 0.30051,
      "val_loss": 0.28655,
      "val_miou": 0.57182,
      "lr": 4e-05,
      "mdice": 0.70383,
      "pixel_acc": 0.8548,
      "per_class_iou": {
        "Trees": 0.8185216111650577,
        "Lush Bushes": 0.6284499407047883,
        "Dry Grass": 0.6709673954108165,
        "Dry Bushes": 0.4022366020121986,
        "Ground Clutter": 0.30484388069375706,
        "Flowers": 0.5790821539874306,
        "Logs": 0.2913616288059217,
        "Rocks": 0.3809410350629303,
        "Landscape": 0.6588906895491482,
        "Sky": 0.9829210274964554
      }
    },
    {
      "epoch": 3,
      "train_loss": 0.27691,
      "val_loss": 0.27772,
      "val_miou": 0.57876,
      "lr": 6e-05,
      "mdice": 0.70809,
      "pixel_acc": 0.85948,
      "per_class_iou": {
        "Trees": 0.8335186228807367,
        "Lush Bushes": 0.6490761976923038,
        "Dry Grass": 0.6733549058679783,
        "Dry Bushes": 0.4223983852510893,
        "Ground Clutter": 0.27266787238626,
        "Flowers": 0.5986862836691476,
        "Logs": 0.28376889332221894,
        "Rocks": 0.40111115807810716,
        "Landscape": 0.6693143520748004,
        "Sky": 0.983727270017861
      }
    },
    {
      "epoch": 4,
      "train_loss": 0.26396,
      "val_loss": 0.26886,
      "val_miou": 0.60517,
      "lr": 5.985e-05,
      "mdice": 0.73549,
      "pixel_acc": 0.863,
      "per_class_iou": {
        "Trees": 0.8369050251697416,
        "Lush Bushes": 0.657432648024406,
        "Dry Grass": 0.6793200856223207,
        "Dry Bushes": 0.44314168135978094,
        "Ground Clutter": 0.3087550300595595,
        "Flowers": 0.612493363157205,
        "Logs": 0.4311137475851754,
        "Rocks": 0.4243582476703306,
        "Landscape": 0.6740679121109766,
        "Sky": 0.9840991203768409
      }
    },
    {
      "epoch": 5,
      "train_loss": 0.25502,
      "val_loss": 0.26301,
      "val_miou": 0.60729,
      "lr": 5.939e-05,
      "mdice": 0.73714,
      "pixel_acc": 0.86355,
      "per_class_iou": {
        "Trees": 0.8411977456385135,
        "Lush Bushes": 0.6729654097107717,
        "Dry Grass": 0.6820034694667273,
        "Dry Bushes": 0.45850917153388476,
        "Ground Clutter": 0.32743685217886026,
        "Flowers": 0.6167712037731684,
        "Logs": 0.3876813321978495,
        "Rocks": 0.433774616005187,
        "Landscape": 0.6684625881995334,
        "Sky": 0.9841029204450084
      }
    },
    {
      "epoch": 6,
      "train_loss": 0.24517,
      "val_loss": 0.25634,
      "val_miou": 0.62474,
      "lr": 5.862e-05,
      "mdice": 0.75338,
      "pixel_acc": 0.86679,
      "per_class_iou": {
        "Trees": 0.8495448428928345,
        "Lush Bushes": 0.6800240779554545,
        "Dry Grass": 0.6887595484500103,
        "Dry Bushes": 0.47341282861049344,
        "Ground Clutter": 0.3542994291244357,
        "Flowers": 0.6322497984662644,
        "Logs": 0.4588163925534869,
        "Rocks": 0.4538547473339187,
        "Landscape": 0.6720768647019192,
        "Sky": 0.9843954412185759
      }
    },
    {
      "epoch": 7,
      "train_loss": 0.23934,
      "val_loss": 0.24823,
      "val_miou": 0.61494,
      "lr": 5.757e-05,
      "mdice": 0.74266,
      "pixel_acc": 0.86942,
      "per_class_iou": {
        "Trees": 0.850220418341439,
        "Lush Bushes": 0.6838891396521658,
        "Dry Grass": 0.6906978365678285,
        "Dry Bushes": 0.46787826150315004,
        "Ground Clutter": 0.33890269395589884,
        "Flowers": 0.6346197706149694,
        "Logs": 0.35306500436229254,
        "Rocks": 0.46143868535950266,
        "Landscape": 0.6842375074289629,
        "Sky": 0.9844732984065082
      }
    },
    {
      "epoch": 8,
      "train_loss": 0.2315,
      "val_loss": 0.20808,
      "val_miou": 0.63265,
      "lr": 5.623e-05,
      "mdice": 0.76061,
      "pixel_acc": 0.86758,
      "per_class_iou": {
        "Trees": 0.8489713080076124,
        "Lush Bushes": 0.6859867207665135,
        "Dry Grass": 0.6911632696916638,
        "Dry Bushes": 0.47293744871359406,
        "Ground Clutter": 0.36782892327005845,
        "Flowers": 0.6388604289539392,
        "Logs": 0.49845441445709365,
        "Rocks": 0.4665003168628144,
        "Landscape": 0.6713392504083314,
        "Sky": 0.9844962301326334
      }
    },
    {
      "epoch": 9,
      "train_loss": 0.22309,
      "val_loss": 0.20571,
      "val_miou": 0.62572,
      "lr": 5.462e-05,
      "mdice": 0.75457,
      "pixel_acc": 0.86622,
      "per_class_iou": {
        "Trees": 0.8519732610699597,
        "Lush Bushes": 0.6824212746397966,
        "Dry Grass": 0.6896704878364085,
        "Dry Bushes": 0.48075484716108474,
        "Ground Clutter": 0.3766767738189324,
        "Flowers": 0.6268424680205954,
        "Logs": 0.4479784709225295,
        "Rocks": 0.44735422047518164,
        "Landscape": 0.6691471627664505,
        "Sky": 0.98440961568089
      }
    },
    {
      "epoch": 10,
      "train_loss": 0.21737,
      "val_loss": 0.20013,
      "val_miou": 0.63687,
      "lr": 5.276e-05,
      "mdice": 0.76395,
      "pixel_acc": 0.86988,
      "per_class_iou": {
        "Trees": 0.8530940801157919,
        "Lush Bushes": 0.689931831133588,
        "Dry Grass": 0.6902466358806144,
        "Dry Bushes": 0.4773085474809096,
        "Ground Clutter": 0.3685875043806128,
        "Flowers": 0.6441998225345552,
        "Logs": 0.5057244137804398,
        "Rocks": 0.47296600791083027,
        "Landscape": 0.6821095209265394,
        "Sky": 0.9844889264366798
      }
    },
    {
      "epoch": 11,
      "train_loss": 0.21598,
      "val_loss": 0.19811,
      "val_miou": 0.63376,
      "lr": 5.067e-05,
      "mdice": 0.76052,
      "pixel_acc": 0.87173,
      "per_class_iou": {
        "Trees": 0.8549561926872062,
        "Lush Bushes": 0.6895274839004201,
        "Dry Grass": 0.6958608539578888,
        "Dry Bushes": 0.4775937876410656,
        "Ground Clutter": 0.3564449325755981,
        "Flowers": 0.6531236799132044,
        "Logs": 0.45996433726267344,
        "Rocks": 0.4793080803714177,
        "Landscape": 0.6862026426802174,
        "Sky": 0.9846385533224914
      }
    },
    {
      "epoch": 12,
      "train_loss": 0.213,
      "val_loss": 0.19421,
      "val_miou": 0.64233,
      "lr": 4.836e-05,
      "mdice": 0.7684,
      "pixel_acc": 0.87227,
      "per_class_iou": {
        "Trees": 0.855050230410555,
        "Lush Bushes": 0.6953980807864556,
        "Dry Grass": 0.6954862380216854,
        "Dry Bushes": 0.4905730298651947,
        "Ground Clutter": 0.37629833732887935,
        "Flowers": 0.6609953456274381,
        "Logs": 0.49014641237985274,
        "Rocks": 0.4889027294200878,
        "Landscape": 0.6858055550154981,
        "Sky": 0.9846340790360822
      }
    },
    {
      "epoch": 13,
      "train_loss": 0.21058,
      "val_loss": 0.19398,
      "val_miou": 0.64806,
      "lr": 4.587e-05,
      "mdice": 0.7736,
      "pixel_acc": 0.87182,
      "per_class_iou": {
        "Trees": 0.856113663579565,